split,n,positive_rate_true,positive_rate_pred,positive_rate_gap_abs,tp,tn,fp,fn,bce,accuracy,balanced_accuracy,precision,recall,specificity,npv,f1,brier_score,brier_score_cond_y1,brier_score_cond_y0,roc_auc,pr_auc,ece
test,1480,0.1783783783783784,0.13851351351351351,0.039864864864864874,154,1165,51,110,0.22124934196472168,0.8912162162162162,0.7706962719298246,0.751219512195122,0.5833333333333334,0.9580592105263158,0.9137254901960784,0.6567164179104479,0.07236145354699998,0.26634976251098763,0.03024557067981846,0.947056917862839,0.6974282518757179,0.023459491735754796
