threshold,tp,tn,fp,fn
0.1,254,998,218,10
0.2,241,1059,157,23
0.30000000000000004,220,1097,119,44
0.4,189,1133,83,75
0.5,154,1165,51,110
0.6,116,1187,29,148
0.7000000000000001,72,1203,13,192
0.8,37,1211,5,227
0.9,7,1216,0,257
