threshold,n,n_with_best_k,switch_rate,exact_match_rate,mean_signed_error_switched_only,mean_abs_error_switched_only,mean_abs_error_penalized,median_abs_error_penalized
0.2,500,250,0.59,0.044,-24.184,24.816,24.816,22.0
0.4,500,250,0.562,0.028,-15.588,18.916,18.916,14.0
0.5,500,250,0.538,0.032,-9.233870967741936,15.951612903225806,16.472,11.0
0.6,500,250,0.52,0.044,-1.8636363636363635,13.896694214876034,16.84,8.5
0.8,500,250,0.426,0.056,13.655339805825243,17.461165048543688,41.328,15.5
